{"cameraMode":{"drawMode":0,"name":"Shaded","section":"Shading Mode"},"sceneLighting":false,"audioPlay":false,"sceneViewState":{"m_AlwaysRefresh":false,"showFog":true,"showSkybox":false,"showFlares":true,"showImageEffects":true,"showParticleSystems":true,"showVisualEffectGraphs":true,"m_FxEnabled":false},"in2DMode":false,"pivot":{"x":0.3134586811065674,"y":0.8519428968429565,"z":0.10727238655090332},"rotation":{"x":-0.10364369302988053,"y":0.845468282699585,"z":-0.1778285652399063,"w":-0.49276450276374819},"size":2.3409886360168459,"orthographic":false}