{"cameraMode":{"drawMode":0,"name":"Shaded","section":"Shading Mode"},"sceneLighting":false,"audioPlay":false,"sceneViewState":{"m_AlwaysRefresh":false,"showFog":true,"showSkybox":false,"showFlares":true,"showImageEffects":true,"showParticleSystems":true,"showVisualEffectGraphs":true,"m_FxEnabled":false},"in2DMode":false,"pivot":{"x":-0.2663295865058899,"y":0.9719476103782654,"z":0.4342000484466553},"rotation":{"x":0.25363433361053469,"y":-0.19426016509532929,"z":0.05212608724832535,"w":0.9462475180625916},"size":1.2247450351715088,"orthographic":false}