{"cameraMode":{"drawMode":0,"name":"Shaded","section":"Shading Mode"},"sceneLighting":false,"audioPlay":false,"sceneViewState":{"m_AlwaysRefresh":false,"showFog":false,"showSkybox":false,"showFlares":false,"showImageEffects":false,"showParticleSystems":false,"showVisualEffectGraphs":true,"m_FxEnabled":false},"in2DMode":false,"pivot":{"x":0.03259575366973877,"y":1.0098927021026612,"z":0.046802401542663577},"rotation":{"x":-0.21522068977355958,"y":0.11307629942893982,"z":-0.0251413956284523,"w":-0.9697621464729309},"size":1.5115033388137818,"orthographic":false}