{"cameraMode":{"drawMode":0,"name":"Shaded","section":"Shading Mode"},"sceneLighting":false,"audioPlay":false,"sceneViewState":{"m_AlwaysRefresh":false,"showFog":true,"showSkybox":false,"showFlares":true,"showImageEffects":true,"showParticleSystems":true,"showVisualEffectGraphs":true,"m_FxEnabled":false},"in2DMode":false,"pivot":{"x":0.11096066236495972,"y":1.1157320737838746,"z":-0.4040485620498657},"rotation":{"x":0.149861678481102,"y":-0.35601329803466799,"z":0.05805426090955734,"w":0.9206700325012207},"size":1.2247449159622193,"orthographic":false}