{"cameraMode":{"drawMode":0,"name":"Shaded","section":"Shading Mode"},"sceneLighting":false,"audioPlay":false,"sceneViewState":{"m_AlwaysRefresh":false,"showFog":true,"showSkybox":false,"showFlares":true,"showImageEffects":true,"showParticleSystems":true,"showVisualEffectGraphs":true,"m_FxEnabled":false},"in2DMode":false,"pivot":{"x":-0.07709284126758576,"y":0.005130767822265625,"z":0.11357855796813965},"rotation":{"x":-0.030061542987823488,"y":0.9699186086654663,"z":-0.18038861453533173,"w":-0.16119515895843507},"size":0.7071070075035095,"orthographic":false}