{"cameraMode":{"drawMode":0,"name":"Shaded","section":"Shading Mode"},"sceneLighting":false,"audioPlay":false,"sceneViewState":{"m_AlwaysRefresh":false,"showFog":true,"showSkybox":false,"showFlares":true,"showImageEffects":true,"showParticleSystems":true,"showVisualEffectGraphs":true,"m_FxEnabled":false},"in2DMode":false,"pivot":{"x":-0.8195780515670776,"y":0.9109401702880859,"z":1.1700328588485718},"rotation":{"x":0.2193773239850998,"y":0.3694160282611847,"z":-0.09005767107009888,"w":0.8986179232597351},"size":2.9424474239349367,"orthographic":false}