{"cameraMode":{"drawMode":0,"name":"Shaded","section":"Shading Mode"},"sceneLighting":false,"audioPlay":false,"sceneViewState":{"m_AlwaysRefresh":false,"showFog":true,"showSkybox":false,"showFlares":true,"showImageEffects":true,"showParticleSystems":true,"showVisualEffectGraphs":true,"m_FxEnabled":false},"in2DMode":false,"pivot":{"x":35.95570373535156,"y":3.8144240379333498,"z":25.312843322753908},"rotation":{"x":-0.0064639681950211529,"y":0.9918836355209351,"z":-0.11387842148542404,"w":-0.05629880726337433},"size":2.0950405597686769,"orthographic":false}