{"cameraMode":{"drawMode":0,"name":"Shaded","section":"Shading Mode"},"sceneLighting":false,"audioPlay":false,"sceneViewState":{"m_AlwaysRefresh":false,"showFog":true,"showSkybox":false,"showFlares":true,"showImageEffects":true,"showParticleSystems":true,"showVisualEffectGraphs":true,"m_FxEnabled":false},"in2DMode":false,"pivot":{"x":-4.4035563468933109,"y":-0.5032804012298584,"z":2.0161452293395998},"rotation":{"x":0.44483649730682375,"y":-0.44243818521499636,"z":0.2693767249584198,"w":0.7306228876113892},"size":2.4197781085968019,"orthographic":false}