{"cameraMode":{"drawMode":0,"name":"Shaded","section":"Shading Mode"},"sceneLighting":false,"audioPlay":false,"sceneViewState":{"m_AlwaysRefresh":false,"showFog":true,"showSkybox":false,"showFlares":true,"showImageEffects":true,"showParticleSystems":true,"showVisualEffectGraphs":true,"m_FxEnabled":false},"in2DMode":false,"pivot":{"x":-0.083968386054039,"y":-0.027947604656219484,"z":0.03966289758682251},"rotation":{"x":-0.3847407400608063,"y":-0.04506557807326317,"z":0.018963828682899476,"w":-0.9218264818191528},"size":0.8660253882408142,"orthographic":false}